https://mishigeek.com/iwari-resena-en-espanol/,recomendado
https://mishigeek.com/pax-pamir-resena-en-espanol/,juegaco
https://mishigeek.com/electropolis-resena-en-espanol/,buen-juego
https://mishigeek.com/blitzkrieg-resena-la-wwii-en-20-minutos/,recomendado
https://mishigeek.com/holi-resena-en-espanol/,buen-juego
https://mishigeek.com/resena-fugitive-un-buen-filler-de-deduccion/,recomendado
https://mishigeek.com/rise-to-nobility-resena/,buen-juego
https://mishigeek.com/bitoku-resena-en-espanol/,recomendado
https://mishigeek.com/the-magnificent-resena-en-espanol/,recomendado
https://mishigeek.com/crystal-palace-resena-dados-sin-azar/,recomendado
https://mishigeek.com/furnace-resena-en-espanol/,suspenso
https://mishigeek.com/nobel-run-resena/,aprobado
https://mishigeek.com/tapestry-resena-parte-ii-opinion/,suspenso
https://mishigeek.com/saqueadores-de-midgard-resena-buen-euro-de-iniciacion/,buen-juego
https://mishigeek.com/gutenberg-resena-en-espanol/,aprobado
https://mishigeek.com/the-red-cathedral-resena/,juegaco
https://mishigeek.com/shinkansen-zero-kei-resena-en-espanol/,recomendado
https://mishigeek.com/marco-polo-ii-resena/,buen-juego
https://mishigeek.com/tiny-towns-resena/,buen-juego
https://mishigeek.com/boonlake-resena-en-espanol-de-un-tapado/,recomendado
https://mishigeek.com/little-town-resena-city-build-familiar/,buen-juego
https://mishigeek.com/tower-of-arkhanos-resena/,suspenso
https://mishigeek.com/cascadia-resena-en-espanol/,recomendado
https://mishigeek.com/pradera-resena-en-espanol/,recomendado
https://mishigeek.com/excavacion-tierra-segunda-oleada-resena/,buen-juego
https://mishigeek.com/criaturas-de-serie-b-resena-espanol/,buen-juego
https://mishigeek.com/hanamikoji-resena-el-favor-de-las-geishas/,recomendado
https://mishigeek.com/paladines-del-reino-del-oeste-resena/,recomendado
https://mishigeek.com/meeple-land-resena-en-espanol/,buen-juego
https://mishigeek.com/bosk-resena-un-abstracto-de-bosques/,buen-juego
https://mishigeek.com/resena-roll-player/,buen-juego
https://mishigeek.com/paris-resena-en-espanol/,buen-juego
https://mishigeek.com/resena-blackout-hong-kong/,recomendado
https://mishigeek.com/la-vina-resena-devir/,aprobado
https://mishigeek.com/la-carga-de-los-3-reyes-resena-wargame/,juegaco
https://mishigeek.com/resena-manitoba-unboxing/,aprobado
https://mishigeek.com/tholos-resena-top-abstracto-2021/,recomendado
https://mishigeek.com/resena-sagrada/,buen-juego
https://mishigeek.com/race-for-the-galaxy-resena-en-espanol/,recomendado
https://mishigeek.com/resena-donning-the-purple-video-de-como-jugar/,recomendado
https://mishigeek.com/resena-caper-2/,buen-juego
https://mishigeek.com/gentes-resena-en-espanol/,recomendado
https://mishigeek.com/resena-barrage-lo-nuevo-de-maldito/,juegaco
https://mishigeek.com/merchants-cove-resena-all-in-en-espanol/,aprobado
https://mishigeek.com/villagers-resena-un-city-builder-de-cartas/,buen-juego
https://mishigeek.com/stockpile-edicion-epica-resena-en-espanol/,recomendado
https://mishigeek.com/resena-newton-la-escuela-italiana/,buen-juego
https://mishigeek.com/hallertau-resena-en-espanol/,recomendado
https://mishigeek.com/garden-nation-resena/,buen-juego
https://mishigeek.com/el-rey-de-la-montana-resena-en-espanol/,recomendado
https://mishigeek.com/cryo-resena-en-espanol/,buen-juego
https://mishigeek.com/monolith-arena-resena/,recomendado
https://mishigeek.com/lewis-clark-the-expedition-resena/,juegaco
https://mishigeek.com/kingsburg-segunda-edicion-resena-en-espanol/,buen-juego
https://mishigeek.com/london-segunda-edicion-resena/,recomendado
https://mishigeek.com/its-a-wonderful-world-resena-en-espanol/,recomendado
https://mishigeek.com/arraial-resena-un-tetris-en-juego-de-mesa/,buen-juego
https://mishigeek.com/bloom-town-resena-en-espanol/,aprobado
https://mishigeek.com/resena-de-tranquilidad-en-espanol/,buen-juego
https://mishigeek.com/claim-resena/,recomendado
https://mishigeek.com/nidavelir-resena-en-espanol/,recomendado
https://mishigeek.com/santa-monica-resena-en-espanol/,buen-juego
https://mishigeek.com/claim-refuerzos-pack-1-resena-espanol/,buen-juego
https://mishigeek.com/mandala-stones-resena-en-espanol/,recomendado
https://mishigeek.com/hands-in-the-sea-resena-en-espanol/,recomendado
https://mishigeek.com/parks-nightfall-resena-en-espanol/,buen-juego
https://mishigeek.com/anno-1800-resena-el-regreso-de-wallace/,aprobado
https://mishigeek.com/resena-fantasy-realms/,aprobado
https://mishigeek.com/dungeon-academy-resena-en-espanol/,buen-juego
https://mishigeek.com/my-city-resena-en-espanol/,buen-juego
https://mishigeek.com/beyond-the-sun-resena-en-espanol/,juegaco
https://mishigeek.com/el-valle-secreto-resena-en-espanol/,recomendado
https://mishigeek.com/sierra-west-resena-el-ano-de-jonny-pac/,buen-juego
https://mishigeek.com/origins-los-primeros-constructores-resena/,recomendado
https://mishigeek.com/cat-cafe-resena-en-espanol/,aprobado
https://mishigeek.com/isla-tucana-resena-en-espanol/,buen-juego
https://mishigeek.com/cena-en-paris-resena-en-espanol/,buen-juego
https://mishigeek.com/yedo-deluxe-resena/,recomendado
https://mishigeek.com/babylonia-resena-knizia-lo-ha-vuelto-a-hacer/,recomendado
https://mishigeek.com/seastead-resena-en-espanol/,aprobado
https://mishigeek.com/lanterns-luces-en-el-cielo-resena-en-espanol/,buen-juego
https://mishigeek.com/black-angel-resena/,buen-juego
https://mishigeek.com/bonfire-resena-en-espanol/,recomendado
https://mishigeek.com/ten-resena-forzar-la-suerte-y-pujas-en-espanol/,buen-juego
https://mishigeek.com/praga-caput-regni-resena-en-espanol/,juegaco
https://mishigeek.com/sanctum-resena/,aprobado
https://mishigeek.com/watergate-resena/,juegaco
https://mishigeek.com/curious-cargo-resena-en-espanol/,buen-juego
https://mishigeek.com/dual-powers-1917-resena/,recomendado
https://mishigeek.com/tekhenu-el-obelisco-del-sol-resena-en-espanol/,recomendado
https://mishigeek.com/war-chest-resena-bag-build-estrategico/,juegaco
https://mishigeek.com/calico-resena-en-espanol/,recomendado
https://mishigeek.com/el-jardin-de-alicia-resena-en-espanol/,buen-juego
https://mishigeek.com/everdell-resena-el-euro-ligero-mas-esperado/,recomendado
https://mishigeek.com/resena-underwater-cities/,buen-juego
https://mishigeek.com/nile-deluxor-resena-en-espanol/,buen-juego
https://mishigeek.com/carnassonne-20-aniversario-resena-en-espanol/,recomendado
https://mishigeek.com/lost-ruins-of-arnak-resena-en-espanol/,buen-juego
https://mishigeek.com/dune-imperium-resena-en-espanol/,juegaco
https://mishigeek.com/monasterium-resena-en-espanol/,buen-juego
https://mishigeek.com/walking-in-burano-resena/,buen-juego
https://mishigeek.com/resena-fertility-lo-proximo-de-tcg-factory/,recomendado
https://mishigeek.com/gaia-project-resena-en-solitario/,juegaco
https://mishigeek.com/cooper-island-resena/,recomendado
https://mishigeek.com/resena-valparaiso-el-kickstarter-de-arrakis/,buen-juego
https://mishigeek.com/paris-nuevo-eden-resena/,aprobado
https://mishigeek.com/undaunted-normandy-espanol-resena/,juegaco
https://mishigeek.com/campos-de-arle-resena/,juegaco
https://mishigeek.com/wild-space-resena-en-espanol/,aprobado
https://mishigeek.com/shibuya-resena-en-espanol/,buen-juego
https://mishigeek.com/mariposas-resena-en-espanol/,buen-juego
https://mishigeek.com/smartphone-inc-actualizacion-1-1-resena/,recomendado
https://mishigeek.com/copenhagen-resena-un-familiar-de-poliminos/,aprobado
https://mishigeek.com/paris-la-cite-de-la-lumiere-resena/,recomendado
https://mishigeek.com/alma-mater-resena-en-espanol/,juegaco
https://mishigeek.com/sentient-resena/,buen-juego
https://mishigeek.com/resena-root-un-coin-sin-olor-a-rancio/,juegaco
https://mishigeek.com/pret-a-porter-resena-un-euro-economico-sobre-moda/,recomendado
https://mishigeek.com/caylus-1303-resena-el-clasico-renovado/,recomendado
https://mishigeek.com/resena-the-cousins-war/,recomendado
https://mishigeek.com/fairy-trails-resena-en-espanol/,suspenso
https://mishigeek.com/ishtar-los-jardines-de-babilonia-resena/,recomendado
https://mishigeek.com/pakal-resena-en-espanol/,buen-juego
https://mishigeek.com/godspeed-resena-en-espanol/,aprobado
https://mishigeek.com/la-tripulacion-resena-en-espanol/,juegaco
https://mishigeek.com/polynesia-resena-en-espanol/,aprobado
https://mishigeek.com/cosmic-colonies-resena-en-espanol/,buen-juego
https://mishigeek.com/resena-pocimas-y-brebajes-una-pizquita-mas/,recomendado
https://mishigeek.com/jekyll-vs-hyde-resena-en-espanol/,buen-juego
https://mishigeek.com/resena-coimbra-el-mejor-de-2018/,juegaco
https://mishigeek.com/airship-city-resena-en-espanol/,recomendado
https://mishigeek.com/tak-resena-un-abstrato-puro/,recomendado
https://mishigeek.com/churchill-resena-en-espanol-es-un-wargame/,juegaco
https://mishigeek.com/riverside-resena-un-roll-write-con-algo-mas/,aprobado
https://mishigeek.com/cubitos-resena/,aprobado
https://mishigeek.com/alhambra-edicion-revisada-resena/,recomendado
https://mishigeek.com/on-mars-resena-vital-la-cerda-en-marte/,juegaco
https://mishigeek.com/sevilla-1503-resena/,buen-juego
https://mishigeek.com/mob-la-gran-manzana-resena/,buen-juego
https://mishigeek.com/aire-tierra-y-mar-resena-en-espanol/,recomendado
https://mishigeek.com/resena-teotihuacan-ciudad-de-dioses/,recomendado
https://mishigeek.com/golem-resena-otro-clasico-italiano/,buen-juego
https://mishigeek.com/imperios-del-norte-resena-en-espanol/,recomendado
https://mishigeek.com/unmatched-resena-en-espanol/,recomendado
https://mishigeek.com/nova-luna-resena-nuevo-juego-o-refrito/,aprobado
https://mishigeek.com/its-a-wonderful-kingdom-resena/,recomendado
https://mishigeek.com/roll-raid-resena-en-espanol/,buen-juego
https://mishigeek.com/resena-pocket-mars/,buen-juego
https://mishigeek.com/resena-de-cafe-en-espanol/,buen-juego
https://mishigeek.com/coloma-resena-un-buen-euro-a-5-y-6-jugadores/,recomendado
https://mishigeek.com/resena-ceylon-simple-y-efectivo/,buen-juego
